{"cameraMode":{"drawMode":0,"name":"Shaded","section":"Shading Mode"},"sceneLighting":true,"audioPlay":false,"sceneViewState":{"showFog":true,"showMaterialUpdate":false,"showSkybox":true,"showFlares":true,"showImageEffects":true,"showParticleSystems":true},"in2DMode":false,"pivot":{"x":8.943136215209961,"y":-0.1197357177734375,"z":-13.580284118652344},"rotation":{"x":0.7144914269447327,"y":0.0010494646849110723,"z":-0.001071738195605576,"w":0.699642539024353},"size":79.36524963378906,"orthographic":false}